file,file_number,reference_bi,reference_hf,reference_ht,reference_h,reference_events,reference_background_db,reference_frames,teensy_bi,teensy_hf,teensy_ht,teensy_h,teensy_events,teensy_background_db,teensy_frames
SOUND/0.wav,0,4.33790255,0.57255381,0.99284351,0.56845635,734,-38.50,8613,3.72909594,0.58567721,0.99692643,0.58387709,645,-39.00,8612
SOUND/1.wav,1,4.88883114,0.57047856,0.98261315,0.56055975,1043,-31.50,8613,4.07178926,0.58555514,0.98393631,0.57614899,816,-31.00,8612
SOUND/2.wav,2,4.07245016,0.59433270,0.98455364,0.58515239,833,-33.50,8613,3.80540490,0.60515016,0.98569864,0.59649569,689,-33.50,8612
SOUND/3.wav,3,4.30333805,0.64336026,0.93671346,0.60264421,929,-47.50,8613,3.71231341,0.65371686,0.93568814,0.61167514,816,-48.00,8612
SOUND/4.wav,4,5.53071690,0.66272175,0.96275759,0.63804042,788,-37.50,8613,4.86013556,0.67395347,0.96292526,0.64896685,662,-38.00,8612
SOUND/5.wav,5,4.97325468,0.54143077,0.97957247,0.53037065,993,-31.00,8613,3.62666297,0.56121856,0.98097450,0.55054110,639,-29.00,8612
SOUND/6.wav,6,4.30187225,0.66207159,0.95137793,0.62988031,992,-49.50,8613,3.83603072,0.67244959,0.95029676,0.63902664,399,-47.50,8612
SOUND/7.wav,7,4.40209961,0.58779794,0.98345220,0.57807118,679,-36.00,8613,3.69654727,0.59686726,0.98616445,0.58860928,598,-36.50,8612
SOUND/8.wav,8,4.92978716,0.61586601,0.97434127,0.60006368,827,-32.50,8613,4.35499907,0.62666655,0.97487348,0.61092061,755,-33.50,8612
SOUND/9.wav,9,2.77198291,0.55872977,0.97085887,0.54244775,771,-31.00,8613,2.35535789,0.57551783,0.97134817,0.55902821,612,-30.00,8612
SOUND/10.wav,10,4.75737667,0.60117662,0.97782344,0.58784461,911,-38.50,8613,4.06190586,0.61402488,0.97880137,0.60100842,791,-39.00,8612
SOUND/11.wav,11,5.28941393,0.56213963,0.97945309,0.55058938,999,-32.50,8613,3.89565921,0.58030730,0.98099548,0.56927884,831,-33.00,8612
SOUND/12.wav,12,4.14755297,0.71743661,0.99655890,0.71496785,839,-44.00,8613,4.04654455,0.72061968,0.99742758,0.71876591,604,-44.00,8612
SOUND/13.wav,13,5.40629005,0.76294607,0.99520099,0.75928468,888,-43.00,8613,5.21809626,0.76495039,0.99587893,0.76179796,518,-42.50,8612
SOUND/14.wav,14,5.05978107,0.57456380,0.98040837,0.56330717,1068,-35.00,8613,4.02421856,0.58972019,0.98174918,0.57895732,858,-35.00,8612
SOUND/15.wav,15,3.81436443,0.51499873,0.98719066,0.50840193,616,-46.00,8613,3.28038120,0.53170490,0.99190032,0.52739829,483,-46.00,8612
SOUND/16.wav,16,2.20181584,0.66603136,0.98266476,0.65448552,931,-49.50,8613,2.17578602,0.67170340,0.98307389,0.66033405,822,-50.50,8612
SOUND/17.wav,17,2.14203477,0.68528175,0.98188698,0.67286921,913,-63.50,8613,2.12879324,0.68822050,0.98336887,0.67677462,606,-63.50,8612
SOUND/18.wav,18,4.40431595,0.64518315,0.97801816,0.63100082,878,-44.00,8613,4.04231930,0.65384525,0.97868568,0.63990897,730,-44.50,8612
SOUND/19.wav,19,4.77451897,0.63523203,0.98195171,0.62376720,994,-39.50,8613,4.22446775,0.64556867,0.98256987,0.63431633,811,-39.50,8612
SOUND/20.wav,20,3.75572276,0.68530607,0.98583674,0.67559993,859,-48.50,8613,3.69201159,0.68869054,0.98834240,0.68066210,646,-48.50,8612
SOUND/21.wav,21,4.37184143,0.68903762,0.94265902,0.64952755,719,-35.50,8613,4.23977232,0.69574285,0.94264162,0.65583616,583,-37.00,8612
SOUND/22.wav,22,2.96504664,0.69815719,0.99042851,0.69147480,743,-29.00,8613,2.94170189,0.70553976,0.99169564,0.69968069,497,-29.00,8612
SOUND/23.wav,23,3.30531812,0.54953820,0.97255534,0.53445631,824,-31.50,8613,2.85660839,0.56575471,0.97332877,0.55066532,630,-30.50,8612
SOUND/24.wav,24,4.33115339,0.71131605,0.99075985,0.70474339,780,-44.00,8613,4.20789433,0.71486944,0.99112338,0.70852381,655,-44.00,8612
SOUND/25.wav,25,5.49286842,0.66587675,0.94713694,0.63067645,858,-35.00,8613,5.03254652,0.67702514,0.94675469,0.64097673,719,-35.00,8612
SOUND/26.wav,26,4.41043615,0.60452652,0.98069346,0.59285522,934,-33.50,8613,4.09680605,0.61575639,0.98212063,0.60474706,791,-33.50,8612
SOUND/27.wav,27,4.12469673,0.67794263,0.98937136,0.67073703,947,-42.50,8613,3.96590328,0.68322569,0.99012578,0.67647934,794,-42.50,8612
SOUND/28.wav,28,4.30422688,0.55411166,0.98548084,0.54606640,804,-43.00,8613,3.44298673,0.56443506,0.98953944,0.55853075,655,-43.50,8612
SOUND/29.wav,29,2.59176803,0.73447549,0.94060117,0.69084853,624,-38.50,8613,2.62594295,0.74050355,0.94152915,0.69720566,520,-39.50,8612
SOUND/30.wav,30,3.66002536,0.70353341,0.99355072,0.69899613,826,-50.50,8613,3.59243202,0.70745921,0.99432671,0.70344561,756,-51.00,8612
SOUND/31.wav,31,2.24616432,0.70379913,0.99241298,0.69845939,861,-62.00,8613,2.24035048,0.70596141,0.99501926,0.70244521,744,-62.50,8612
SOUND/32.wav,32,3.69853902,0.68979037,0.99109966,0.68365097,750,-49.50,8613,3.61542463,0.69400495,0.99171150,0.68825269,666,-50.00,8612
SOUND/33.wav,33,3.35976124,0.71516258,0.99583888,0.71218669,1015,-54.50,8613,3.33495355,0.71784842,0.99694967,0.71565872,578,-54.00,8612
SOUND/34.wav,34,4.56088972,0.62038279,0.96865922,0.60093951,778,-28.50,8613,4.24590397,0.63118726,0.96927780,0.61179578,570,-26.50,8612
SOUND/35.wav,35,4.21014643,0.64508015,0.97467834,0.62874568,867,-38.00,8613,3.99161983,0.65475512,0.97707790,0.63974673,774,-39.00,8612
SOUND/36.wav,36,3.49157286,0.66761470,0.98109293,0.65499204,845,-50.50,8613,3.40597463,0.67370045,0.98172605,0.66138929,780,-51.50,8612
SOUND/37.wav,37,4.88194609,0.56889910,0.98568809,0.56075704,1090,-30.50,8613,4.06057787,0.58325320,0.98718065,0.57577628,751,-29.00,8612
SOUND/38.wav,38,1.95787537,0.70548701,0.99253285,0.70021904,647,-64.00,8613,1.94785535,0.70742989,0.99561828,0.70433015,299,-64.00,8612
SOUND/39.wav,39,4.06655169,0.58070999,0.97208536,0.56449968,839,-39.50,8613,3.40214849,0.59596193,0.97278291,0.57974160,743,-40.50,8612
SOUND/40.wav,40,4.08170891,0.62185204,0.98601991,0.61315846,980,-34.50,8613,3.83350587,0.63223279,0.98718923,0.62413341,810,-34.50,8612
SOUND/41.wav,41,2.52396393,0.69843209,0.98791927,0.68999451,1083,-59.00,8613,2.50881267,0.70098174,0.98935091,0.69351691,957,-59.50,8612
SOUND/42.wav,42,4.07287025,0.52758503,0.99386823,0.52434999,813,-40.50,8613,3.47796369,0.54036266,0.99888718,0.53976130,605,-40.50,8612
SOUND/43.wav,43,3.98495436,0.65692991,0.98132026,0.64465863,786,-43.50,8613,3.83972788,0.66265053,0.98356003,0.65175658,612,-43.50,8612
SOUND/44.wav,44,4.14318371,0.63997668,0.98217618,0.62856984,463,-42.00,8613,3.92861342,0.64693058,0.98464483,0.63699687,427,-42.50,8612
SOUND/45.wav,45,1.92575884,0.56961310,0.99085265,0.56440264,406,-56.00,8613,1.88670456,0.57701510,0.99634361,0.57490534,257,-56.50,8612
SOUND/46.wav,46,4.54466009,0.56744659,0.99352801,0.56377411,809,-36.50,8613,3.79836369,0.57501143,0.99711335,0.57335156,753,-37.00,8612
SOUND/47.wav,47,3.89323783,0.54128844,0.99365205,0.53785235,1123,-41.50,8613,3.37303758,0.55524415,0.99854422,0.55443585,706,-41.00,8612
SOUND/48.wav,48,3.71287346,0.68814117,0.99337113,0.68357956,1110,-49.00,8613,3.63321471,0.69212365,0.99415147,0.68807572,989,-49.50,8612
SOUND/49.wav,49,4.50246382,0.57262355,0.98142689,0.56198817,702,-29.00,8613,3.42598653,0.58327425,0.98244202,0.57303315,550,-28.50,8612
