"file","file_number","bi","hf","ht","h","events","background_db"
"SOUND/0.wav",0,4.33790250500202,0.572553822042642,0.993907887087724,0.569065759510404,734,-38.5
"SOUND/1.wav",1,4.88883135721545,0.57047855407152,0.983405301105882,0.561011634241152,1043,-31.5
"SOUND/2.wav",2,4.07245045252661,0.594332691423948,0.984239655393296,0.584965803396076,833,-33.5
"SOUND/3.wav",3,4.30333792756233,0.643360259266529,0.952599408797448,0.612864602621068,929,-47.5
"SOUND/4.wav",4,5.53071704054196,0.662721773667408,0.970358379377816,0.643077626274298,788,-37.5
"SOUND/5.wav",5,4.97325463986608,0.541430759939316,0.982204251414807,0.531795594259146,993,-31
"SOUND/6.wav",6,4.30187234213413,0.662071613804575,0.961422228781897,0.636530366557222,992,-49.5
"SOUND/7.wav",7,4.40209986011236,0.587797926639773,0.984953143701987,0.578953415705354,679,-36
"SOUND/8.wav",8,4.92978730137859,0.615866003334118,0.977790976497014,0.60218822079138,827,-32.5
"SOUND/9.wav",9,2.7719830229759,0.558729748107973,0.974576535408354,0.54452490214065,771,-31
"SOUND/10.wav",10,4.7573766012651,0.601176593828013,0.980476401424916,0.589439463337379,911,-38.5
"SOUND/11.wav",11,5.28941389609082,0.562139603928748,0.982113377929045,0.552084825282158,999,-32.5
"SOUND/12.wav",12,4.14755322246534,0.717436601793119,0.989843631535134,0.710150051315127,839,-44
"SOUND/13.wav",13,5.40629031298916,0.762946073461807,0.989188095287874,0.754697173215047,888,-43
"SOUND/14.wav",14,5.05978124762512,0.574563784226849,0.982444128241154,0.564476816113685,1068,-35
"SOUND/15.wav",15,3.81436455646566,0.514998755769432,0.99290614335378,0.511345428423022,616,-46
"SOUND/16.wav",16,2.20181593912812,0.666031370010993,0.98156516125322,0.653753189104544,931,-49.5
"SOUND/17.wav",17,2.1420348528282,0.68528173147008,0.981764629330173,0.672785365083462,913,-63.5
"SOUND/18.wav",18,4.40431604002608,0.645183148758645,0.97993392030712,0.632236852279151,878,-44
"SOUND/19.wav",19,4.77451899518085,0.635232040726226,0.982321233780323,0.624001921982978,994,-39.5
"SOUND/20.wav",20,3.75572276045015,0.685306060732167,0.987489267375767,0.67673237984058,859,-48.5
"SOUND/21.wav",21,4.37184154056533,0.68903760888418,0.958475024956322,0.660425339371109,719,-35.5
"SOUND/22.wav",22,2.9650466001077,0.698157168735936,0.988825275113976,0.690355454448106,743,-29
"SOUND/23.wav",23,3.30531820640182,0.549538219175559,0.975519987196714,0.536085516534247,824,-31.5
"SOUND/24.wav",24,4.33115330256751,0.711316063657114,0.987062300239679,0.702113269990825,780,-44
"SOUND/25.wav",25,5.49286863498777,0.665876750212972,0.960729691383186,0.639727564731348,858,-35
"SOUND/26.wav",26,4.41043601651032,0.604526503592547,0.983260991105507,0.594407329071954,934,-33.5
"SOUND/27.wav",27,4.12469675056184,0.677942655904738,0.987330952070729,0.669353767903784,947,-42.5
"SOUND/28.wav",28,4.30422704116707,0.554111683425967,0.989668276058599,0.548386754480105,804,-43
"SOUND/29.wav",29,2.59176799854246,0.734475508632093,0.955618820094991,0.701878618947669,624,-38.5
"SOUND/30.wav",30,3.66002539849081,0.703533410066537,0.988001183274917,0.695091841619176,826,-50.5
"SOUND/31.wav",31,2.24616443959862,0.703799115979159,0.989827107517223,0.69663944324283,861,-62
"SOUND/32.wav",32,3.6985390997141,0.689790346374684,0.986700063544296,0.680616178600143,750,-49.5
"SOUND/33.wav",33,3.35976132816877,0.715162587759256,0.98955558975223,0.707693136298842,1015,-54.5
"SOUND/34.wav",34,4.56088986916456,0.62038279153288,0.975596458170156,0.605243254129192,778,-28.5
"SOUND/35.wav",35,4.21014643928844,0.645080178501754,0.982113122175831,0.6335417081621,867,-38
"SOUND/36.wav",36,3.49157290268632,0.667614718093668,0.981318861753165,0.655142915249339,845,-50.5
"SOUND/37.wav",37,4.88194618037222,0.568899118666633,0.985291733408877,0.560531598765829,1090,-30.5
"SOUND/38.wav",38,1.95787545533666,0.705487011148347,0.990560152882243,0.698827321619543,647,-64
"SOUND/39.wav",39,4.06655189916887,0.580710000611161,0.976783437644291,0.567227910671389,839,-39.5
"SOUND/40.wav",40,4.08170912803859,0.621852042115491,0.98600598159247,0.613149833191366,980,-34.5
"SOUND/41.wav",41,2.52396391849313,0.698432074697208,0.985777881548719,0.688498891000691,1083,-59
"SOUND/42.wav",42,4.07287023786662,0.527585001610084,0.997199641815196,0.526107574632645,813,-40.5
"SOUND/43.wav",43,3.98495453010509,0.656929934788046,0.985128094181368,0.647160134668437,786,-43.5
"SOUND/44.wav",44,4.14318383850306,0.639976682434615,0.986264398214002,0.631186217572369,463,-42
"SOUND/45.wav",45,1.92575882593285,0.569613106180482,0.995100000095578,0.56682200201464,406,-56
"SOUND/46.wav",46,4.5446601967257,0.567446588018963,0.993579777574069,0.563803454709046,809,-36.5
"SOUND/47.wav",47,3.89323798708439,0.541288408491308,0.996811738053503,0.539562639256436,1123,-41.5
"SOUND/48.wav",48,3.71287355060793,0.688141169398267,0.988227916282338,0.68004031394254,1110,-49
"SOUND/49.wav",49,4.50246372767276,0.572623578361325,0.981054905741903,0.56177517069486,702,-29
